{
  "Z": 1927.8999999999996,
  "cost": 1362.8099999999997,
  "penalty": 565.09,
  "routes": [
    [
      1,
      5,
      8,
      3
    ],
    [
      9,
      4,
      7
    ],
    [
      2,
      6,
      10
    ]
  ],
  "scheduled": {
    "0": 0.0,
    "2": 0.0,
    "1": 0.498
  }
}