{
  "Z": 1186.8000000000002,
  "cost": 785.7000000000003,
  "penalty": 401.0999999999999,
  "routes": [
    [],
    [],
    [
      1,
      5,
      3,
      2,
      8,
      6,
      10,
      9,
      4,
      7
    ]
  ],
  "scheduled": {
    "2": 0.0,
    "0": 0.0,
    "1": 0.498
  }
}