{
  "Z": 1188.1500000000003,
  "cost": 810.0000000000003,
  "penalty": 378.1499999999999,
  "routes": [
    [],
    [],
    [
      7,
      1,
      5,
      3,
      2,
      8,
      6,
      10,
      9,
      4
    ]
  ],
  "scheduled": {
    "2": 0.0,
    "0": 0.0,
    "1": 0.498
  }
}