{
  "Z": 206267.81600000002,
  "cost": 3824.6760000000004,
  "penalty": 202443.14,
  "routes": [
    [
      1,
      3,
      8,
      6
    ],
    [
      7,
      10,
      2
    ],
    [
      5,
      4,
      9
    ]
  ],
  "scheduled": {
    "0": 0.0,
    "1": 0.0,
    "2": 0.498
  }
}