{
  "Z": 220794.46099999995,
  "cost": 4488.071,
  "penalty": 216306.38999999996,
  "routes": [
    [
      10,
      7,
      4,
      3
    ],
    [
      8,
      9,
      5
    ],
    [
      1,
      2,
      6
    ]
  ],
  "scheduled": {
    "0": 0.0,
    "1": 0.0,
    "2": 0.498
  }
}