{
  "Z": 222461.24599999998,
  "cost": 4063.2560000000003,
  "penalty": 218397.99,
  "routes": [
    [
      1,
      2,
      6,
      8
    ],
    [
      5,
      7,
      10
    ],
    [
      4,
      9,
      3
    ]
  ],
  "scheduled": {
    "1": 0.0,
    "0": 0.0,
    "2": 0.498
  }
}